	AcnR	AgaR	AmtR	AraR	ArgR	BioQ	BirA	CadR-PbrR	CblR	CcpA	CsoR	CueR	CzrA	DasR	ExuR_UxuR	FabR	FadP	FadR	FixJ	FnrN_FixK	FruR	FUR	GguR	GlcC	GntR	GulR	HcpR	HexR	HisR	HrcA	HutC	HypR	Irr	IscR	KdgR	LexA	LiuQ	LiuR	LldR	LtbR	MerR	MetJ	MetR	MntR	ModE	NadQ	NagC	NagQ	NagR	NarP	NiaR	NifA	NikR	NmlR	NnrR	NorR	NrdR	NrtR	NsrR	NtrC	PaaR	PdhR	PdxR	PhnF	PhnR	Phr	PhrR	PhsR	PrpR	PsrA	PurR	QorR	RbkR	RbsR	Rex	RutR	SahR_SamR	SdaR	SiaR	SoxR	ThiR	TrpR	TtrR	TyrR	VanR	XylR	ZntR	Zur
M1 -> Polar		0.7009095		0.10876302							0.5092411			0.09022717						0.03483922							0.18157834									1.0115738		0.08405938				0.03551881									0.044759102			0.065025344										0.23476923					0.3163141		0.24933915													0.038274314				
M1 -> Temperature		0.9138601									0.3239994	0.27216196				0.22745363			0.27862513	0.20469172								0.24522528		1.1230574					0.34269324	0.96444565	0.62665486	0.2751255																															0.2630107									0.1768117				0.6820208						
M1 -> Province		0.8772168						0.1358524	0.17846389		0.122790575			0.12229781	0.10514838																	0.32995394				0.45827043		0.4516676		0.19052663						0.2649153		0.28362384																0.32678077							0.20377338											0.1141523						
M1 -> Layer							0.83366245										0.4463324			0.55955803					0.18885294			0.31680366		0.18674453			0.25680888		0.74763685	0.43010753					0.20940214					0.33498394																										0.33208403			0.3050541		0.3938987								0.5113581			
M1 -> Layer2		0.21486476					0.6416333		0.22356263																0.23821108	0.39479703								0.27052793	0.577672	0.41574767					0.5868625														0.17041233						0.20954174		0.27784762												0.27076685		0.23666696								0.14430635			
M1 -> NO3			0.011447187					0.2388424					0.1973767	0.017939836				0.011363041							0.034160674					0.019928006																					0.017017186			0.10214285		0.09966014									0.043099903			0.17108516					0.013775291					0.06913573						0.11172545				
M1 -> CarbonFlux					0.35380143					0.35049367							0.21162347							0.22224683		0.42586103			0.35035664				0.5897749												0.29637736			0.25334808						0.38312474			0.24492826				0.36558127	0.5899043																			0.32701683				0.34142554			
M1 -> NPP															0.30844966	0.44473457	0.50702417			0.6183324				0.64579356					0.26307118											0.24885501							1.2339506				0.2059241					0.20364137									0.3468687											0.36118922			0.37225968		0.5825162				0.77016485			
