	AcnR	AgaR	AmtR	AraR	ArgR	BioQ	BirA	CadR-PbrR	CblR	CcpA	CsoR	CueR	CzrA	DasR	ExuR_UxuR	FabR	FadP	FadR	FixJ	FnrN_FixK	FruR	FUR	GguR	GlcC	GntR	GulR	HcpR	HexR	HisR	HrcA	HutC	HypR	Irr	IscR	KdgR	LexA	LiuQ	LiuR	LldR	LtbR	MerR	MetJ	MetR	MntR	ModE	NadQ	NagC	NagQ	NagR	NarP	NiaR	NifA	NikR	NmlR	NnrR	NorR	NrdR	NrtR	NsrR	NtrC	PaaR	PdhR	PdxR	PhnF	PhnR	Phr	PhrR	PhsR	PrpR	PsrA	PurR	QorR	RbkR	RbsR	Rex	RutR	SahR_SamR	SdaR	SiaR	SoxR	ThiR	TrpR	TtrR	TyrR	VanR	XylR	ZntR	Zur
salazar -> Polar							0.526904				0.1025694	0.1510358											0.16511384			0.22456145	0.14085247						0.5460706				0.38483322		0.25950077				0.4066272											0.19588643			0.12669617			0.25625056		0.33647928																						0.3168354				
salazar -> Temperature		0.4519315								0.3578395									0.24198839				0.27446726			0.28099832							0.573086				0.23409039						0.21127945					0.44808382						0.3792894			0.27980855														0.22543499							0.33453348					0.31769288			0.3121108		
salazar -> Province	0.62666386	0.74020314										0.858662				0.9741102		1.0449811								0.95791566							0.69224876				0.5539973																				0.55280775					0.53291696					0.44924623	0.77295554		0.9122462	0.7598513															0.5572437		
salazar -> Layer	0.53688294							0.41279072		0.5555777								0.5206197			0.49124843						0.34675545				0.37154108		0.40760115		0.63484734		0.8580177			0.61868656										0.37828964		0.58805025		0.5847185														0.36754																				
salazar -> Layer2	0.40109012						0.13852105	0.12122957											0.061239928											0.104748175		0.09532122	0.31506014	0.08558241	0.48504448					0.08108033									0.13643473			0.7005697		0.14726385			0.06884344														0.11218144																	
salazar -> NO3																								0.0	0.0	0.0	0.0	0.0	0.0	0.0	0.0	0.0	0.0	0.0	0.0	0.0																																																			0.0	0.0
salazar -> CarbonFlux	0.19894212							0.34104618				0.84368944		0.48030573											0.21947086														0.20523627			0.30908012										0.4050977		0.26226118								0.21044561			0.6842415		0.3347349			0.32055023	0.4406228												0.246977					
salazar -> NPP				0.06272592					0.14023039			0.13398702		0.07168473													0.063939996					0.05275828	0.12408757							0.28096575						0.33641368			0.05267825					0.21888015	0.17974426	0.07448026									0.06315968				0.18515046																			
