	AcnR	AgaR	AmtR	AraR	ArgR	BioQ	BirA	CadR-PbrR	CblR	CcpA	CsoR	CueR	CzrA	DasR	ExuR_UxuR	FabR	FadP	FadR	FixJ	FnrN_FixK	FruR	FUR	GguR	GlcC	GntR	GulR	HcpR	HexR	HisR	HrcA	HutC	HypR	Irr	IscR	KdgR	LexA	LiuQ	LiuR	LldR	LtbR	MerR	MetJ	MetR	MntR	ModE	NadQ	NagC	NagQ	NagR	NarP	NiaR	NifA	NikR	NmlR	NnrR	NorR	NrdR	NrtR	NsrR	NtrC	PaaR	PdhR	PdxR	PhnF	PhnR	Phr	PhrR	PhsR	PrpR	PsrA	PurR	QorR	RbkR	RbsR	Rex	RutR	SahR_SamR	SdaR	SiaR	SoxR	ThiR	TrpR	TtrR	TyrR	VanR	XylR	ZntR	Zur
guidi -> Polar	0.0018957711			0.040658567						0.07279051												0.19381721	0.25346032																				0.09690696		0.058295857		0.095535494																	0.14057148								0.009134825		0.0			1.9808128			0.09558697		0.13470347						0.3210479
guidi -> Temperature																0.14768215	0.06912196		0.2952923			0.814305											0.1029143										0.1699613		0.07271126	0.07292667		0.15859151															0.4239556	0.36676055			0.061646204	0.07082948									1.0031264							0.6522471				
guidi -> Province				0.3274748		0.19477084				0.20956062													0.32711712					0.27395225							0.40322056								0.22214593		0.23846497					0.31103754						0.24067703								0.5400327													0.8102617		0.19437544					0.3427823				0.2595907
guidi -> Layer					0.3857003													0.20482418	0.17194416																						0.15960842		0.09883581				0.8155235					0.20800039				0.09435659		0.28111055					0.29491597	0.46324664		0.1824716							0.09650606				0.1340341									0.09061961		
guidi -> Layer2	0.11914104				0.76308894														0.43029404													0.24170013									0.2332775		0.2398054			0.10594779	0.21709818					0.47785354						0.39804423					0.11935596	0.33837825									0.0976973		0.33992165											0.1966957		
guidi -> NO3				0.14085692																0.14215183			0.33420867						0.22384644					0.050754976					0.18207017	0.032225467						0.28513858						0.11211467		0.6771252								0.05351206							0.036622547									0.09403615			0.07991009							0.032228492
guidi -> CarbonFlux			0.643224										0.26935607				0.12473843									0.22096159											0.28158936	0.23689698		0.1722383		0.3089594													0.7035589							0.4150508				0.22628963											0.8311838							0.6030215		0.579732	0.20981827	
guidi -> NPP												0.46931106			0.2325694	0.8529865	0.2984013	0.5374088	0.4414853											0.21652138					0.22558345			0.3073331	0.35568464		0.37209132											0.28086317													0.34348238										0.25521266												0.348196	
