	AcnR	AgaR	AmtR	AraR	ArgR	BioQ	BirA	CadR-PbrR	CblR	CcpA	CsoR	CueR	CzrA	DasR	ExuR_UxuR	FabR	FadP	FadR	FixJ	FnrN_FixK	FruR	FUR	GguR	GlcC	GntR	GulR	HcpR	HexR	HisR	HrcA	HutC	HypR	Irr	IscR	KdgR	LexA	LiuQ	LiuR	LldR	LtbR	MerR	MetJ	MetR	MntR	ModE	NadQ	NagC	NagQ	NagR	NarP	NiaR	NifA	NikR	NmlR	NnrR	NorR	NrdR	NrtR	NsrR	NtrC	PaaR	PdhR	PdxR	PhnF	PhnR	Phr	PhrR	PhsR	PrpR	PsrA	PurR	QorR	RbkR	RbsR	Rex	RutR	SahR_SamR	SdaR	SiaR	SoxR	ThiR	TrpR	TtrR	TyrR	VanR	XylR	ZntR	Zur
stress -> Polar	0.23363084						0.054718103			0.081054404							0.14754304	0.062365156					0.22738257			0.26434445					0.08737328	0.68781686											1.1512042																	0.14660402			0.05348376	0.5059439							0.6194676			0.06073695														
stress -> Temperature	0.6231372					0.18353273								0.19439581															0.21997517			0.58962923			0.21335495	0.6041816						0.92115164	0.35864228							0.3185984							1.2548447			0.48865208											0.70888								0.36787957			0.18213966						
stress -> Province	0.499439							0.3471274	0.62602305								0.54079205										0.7357843		0.5912753		0.9404985	0.4584542					0.6432284				0.47113258	0.5068064	0.76105964																	1.0363269											1.6948018	0.72384226																
stress -> Layer							0.8175584	0.35789698			0.7229383																									0.21072432	0.62874043				0.73340786		0.41141486				0.24645431		0.2598881								0.2598415		0.25286064				0.583292					0.24462087								0.28403628			0.31045252									
stress -> Layer2							0.48393664				0.7292108		0.18102433		0.053990286		0.03684696																				0.3495431		0.03266291		0.47513714		0.18619958						0.22179124										0.035954256				0.028781733													0.03538286		0.047362912	0.30713633									
stress -> NO3							0.06357158		0.27608085							0.15078518		0.3138101	0.18151072				0.2610873	0.18299392							0.32375532		0.028746692										0.26114112										0.07724747						0.1784077			0.07590574							0.032571223																	0.10592486		
stress -> CarbonFlux			0.2868094			0.48898208			0.10343328		0.13838889	0.20921658							0.11324967			0.070747085								0.06852958										0.18237944	0.067622535					0.100453936			0.10515504																										0.0946054	0.08191002	0.16405419											
stress -> NPP		0.49916306	0.7000223						0.27562848												0.26783797							0.30698374				0.27720886						0.48780686						0.3549541		0.27987772							0.4644581			0.35975474								0.25859302												0.45097435					0.24412698				0.40224588			
