	MetR	LiuQ	MerR	NsrR	BirA	PdxR	RutR	CsoR	NagR	SiaR	LexA	NrdR	BioQ	PhnF	AmtR	NadQ	NikR	AgaR	LiuR	VanR	MntR	NorR	HexR	FruR	ThiR	CadR-PbrR	NagC	PhsR	FadR	GguR	FixJ	FabR	GlcC	Irr	PrpR	PdhR	XylR	NarP	KdgR	DasR	TrpR	GulR	CcpA	RbsR	Rex	FUR	HrcA	CueR	LtbR	SahR_SamR	CzrA	LldR	ExuR_UxuR	SdaR	CblR	HutC	FadP	HcpR	QorR	HypR	HisR	MetJ	PurR	AcnR	NtrC
stress -> Polar	1.1512042				0.054718103	0.05348376								0.5059439															0.062365156	0.22738257												0.26434445	0.081054404	0.06073695												0.08737328	0.14754304			0.68781686			0.6194676	0.23363084	0.14660402
stress -> Temperature	0.35864228									0.36787957	0.6041816	1.2548447	0.18353273																									0.3185984	0.21335495	0.19439581	0.18213966																			0.58962923	0.21997517	0.92115164	0.70888	0.6231372	0.48865208
stress -> Province	0.76105964	0.6432284	0.47113258																							0.3471274																													0.62602305	0.9404985	0.54079205	0.7357843	0.72384226	0.4584542	0.5912753	0.5068064	1.6948018	0.499439	1.0363269
stress -> Layer	0.41141486	0.62874043	0.73340786	0.25286064	0.8175584	0.583292	0.28403628	0.7229383	0.2598881	0.31045252	0.21072432	0.2598415														0.35789698	0.24645431	0.24462087																																					
stress -> Layer2	0.18619958	0.3495431	0.47513714	0.035954256	0.48393664	0.028781733	0.03538286	0.7292108	0.22179124	0.30713633																																									0.18102433	0.03266291	0.053990286	0.047362912			0.03684696								
stress -> NO3	0.26114112			0.1784077	0.06357158												0.07724747												0.3138101	0.2610873	0.18151072	0.15078518	0.18299392	0.028746692	0.032571223	0.07590574	0.10592486																		0.27608085	0.32375532									
stress -> CarbonFlux			0.067622535				0.08191002	0.13838889	0.10515504				0.48898208		0.2868094	0.100453936															0.11324967														0.0946054	0.070747085	0.06852958	0.20921658	0.18237944	0.16405419					0.10343328										
stress -> NPP							0.45097435							0.25859302	0.7000223	0.27987772	0.4644581	0.49916306	0.48780686	0.40224588	0.3549541	0.35975474	0.30698374	0.26783797	0.24412698																														0.27562848					0.27720886					
