	AcnR	AgaR	AmtR	AraR	ArgR	BioQ	BirA	CadR-PbrR	CblR	CcpA	CsoR	CueR	CzrA	DasR	ExuR_UxuR	FabR	FadP	FadR	FixJ	FnrN_FixK	FruR	FUR	GguR	GlcC	GntR	GulR	HcpR	HexR	HisR	HrcA	HutC	HypR	Irr	IscR	KdgR	LexA	LiuQ	LiuR	LldR	LtbR	MerR	MetJ	MetR	MntR	ModE	NadQ	NagC	NagQ	NagR	NarP	NiaR	NifA	NikR	NmlR	NnrR	NorR	NrdR	NrtR	NsrR	NtrC	PaaR	PdhR	PdxR	PhnF	PhnR	Phr	PhrR	PhsR	PrpR	PsrA	PurR	QorR	RbkR	RbsR	Rex	RutR	SahR_SamR	SdaR	SiaR	SoxR	ThiR	TrpR	TtrR	TyrR	VanR	XylR	ZntR	Zur
M0 -> Polar		1.2671666		0.04777941							0.045027416														0.0	0.0	0.0	0.0	0.0	0.0	0.0			0.0	0.09812595			0.43063658																																	0.015010098																	0.0
M0 -> Temperature		1.5352678	0.058742825																				0.20117988					0.17533869		1.5178137						0.71275806				0.06160081			0.124883994					0.06316733		0.092927076							0.07973795								0.3880616									0.55682355					0.16007714			0.1733926						
M0 -> Province		0.6118807						0.16826344				0.06681727			0.10771139			0.115417					0.11827604									0.24400415	0.06111284					0.09001759																0.09033069			0.11768956							0.057892814						0.09621947	0.06664334								0.10657831									
M0 -> Layer							0.30081445								0.4446321			0.21073183	0.41193092	0.61221135							0.20535155				0.40701312						0.29274228						1.2556233															0.39338106			0.34289524		0.3426662		0.25160748							0.5119447								0.23098822								
M0 -> Layer2									0.0									0.008169572					0.0022430993	0.006220652	0.025801565	0.0	0.0	0.0						0.00899246									0.70350367	0.0056906305														0.23494662			0.2827116		0.06862961																							0.00571035		
M0 -> NO3																			0.018963102	0.32112163			0.19138566		0.0	0.0	0.0	0.0	0.0	0.0	0.0	0.0	0.0															0.017407013	0.22398618																					0.13844976																		
M0 -> CarbonFlux			0.06065357			0.0476643			0.1842262									0.105558105		0.06253567				0.036192972				0.031309262					0.061250933		0.0452243									0.16543776												0.034257665					0.05796783										0.030534439										0.10139412				0.05776145			
M0 -> NPP									0.041450053							0.11072358								0.12816747													0.06346099			0.053637918							0.37392116								0.14245097	0.08436707	0.03388775				0.034172967	0.08964051					0.048204973							0.042704433									0.050402127		0.04840048			
