	MetR	AcnR	NtrC	HypR	PurR	LexA	NrdR	CsoR	NagR	LiuQ	MerR	SiaR	CzrA	NsrR	BirA	PdxR	PhsR	MntR	NikR	GntR	RutR	AgaR	LiuR	HexR	Irr	NifA	FruR	AmtR	ZntR	FixJ	LtbR	GulR	GlcC	PhrR	PrpR	NiaR	NmlR	SahR_SamR	CueR	Rex	BioQ	KdgR	NarP	DasR	TrpR	PhnF	GguR	CcpA	FUR	NorR	CadR-PbrR	NagC	ExuR_UxuR	LldR	CblR	HisR	MetJ	FadP	Zur	HutC	HcpR	QorR
stress -> Polar	1.4271853	0.3052561	0.09709744	0.8204597	0.50835913	0.03097916									0.027731057	0.043606296																0.18716037														0.5432749	0.25397933	0.09648165	0.053181358	0.031659625								0.123034686				
stress -> Temperature	0.35690522	0.6370374	0.46529782	0.572947	0.776875	0.62284875	1.3114632					0.34434643																													0.1734145	0.20854667	0.2836459	0.20343755	0.19098493											0.21037407	0.878202					
stress -> Province	0.76161945	0.5332401	0.87877554	0.4920948	1.6996317					0.45686066	0.4193275																																												0.6961828	0.44148943	0.51166797	0.43728617	0.35039768	0.9347848	0.7396011	0.7036938
stress -> Layer	0.15770563					0.1240388	0.1717457	0.421789	0.12716573	0.24694464	0.26745248	0.12563658	0.10701361	0.15464574	0.45531657	0.2866617	0.12329513																																		0.20445839	0.16349849										
stress -> Layer2	0.19841778							0.7517861	0.26632524	0.4112354	0.5348768	0.30397058	0.18082847	0.035969365	0.5229717	0.028517962				0.026094472	0.035437994																																0.054265708	0.032460205				0.036988452				
stress -> NO3		0.2806301	0.22430265						0.2192422								0.24531125	0.25240737	0.2688157								0.2201929			0.22473349	0.54767203	0.29104817	0.47234482	0.28042963	0.2729438	0.2979984	0.30867168																									
stress -> CarbonFlux			0.46040675					0.35242215	0.259415																		0.19250402	0.24803174	0.21149011	0.30463323	0.40476224							0.41594926	0.16948941	0.20379177	0.58928967	0.15155509													0.4064679				0.15229648			
stress -> NPP				0.25042322													0.29864708	0.33163792	0.5875685	0.26981202	0.51380813	0.98185885	0.53987443	0.29210567	0.24860156	0.25747272	0.3160097	0.6112698	0.41059458																										0.25904396							
