	AcnR	AgaR	AmtR	AraR	ArgR	BioQ	BirA	CadR-PbrR	CblR	CcpA	CsoR	CueR	CzrA	DasR	ExuR_UxuR	FabR	FadP	FadR	FixJ	FnrN_FixK	FruR	FUR	GguR	GlcC	GntR	GulR	HcpR	HexR	HisR	HrcA	HutC	HypR	Irr	IscR	KdgR	LexA	LiuQ	LiuR	LldR	LtbR	MerR	MetJ	MetR	MntR	ModE	NadQ	NagC	NagQ	NagR	NarP	NiaR	NifA	NikR	NmlR	NnrR	NorR	NrdR	NrtR	NsrR	NtrC	PaaR	PdhR	PdxR	PhnF	PhnR	Phr	PhrR	PhsR	PrpR	PsrA	PurR	QorR	RbkR	RbsR	Rex	RutR	SahR_SamR	SdaR	SiaR	SoxR	ThiR	TrpR	TtrR	TyrR	VanR	XylR	ZntR	Zur
salazar -> Polar							0.38076776					0.13257399											0.19272164			0.19308056							0.38756388				0.40912807		0.12325211				0.3020012											0.14641413			0.1120911			0.30592018		0.19872966								0.1856036						0.12574509								0.39513308				
salazar -> Temperature		0.52500653								0.39953715									0.23111261				0.25348815			0.30529833							0.59106946															0.47710446						0.4219291			0.31892028					0.21803345									0.24676487							0.35955572					0.34824187	0.20974241		0.30285195		
salazar -> Province		0.7892505										0.7481392				0.8950757		0.7929959								0.7362387							0.57985777				0.5187943									0.46953565											0.56402624					0.48795676					0.4384054	0.55048084		0.76912403	0.76074535															0.5612837		
salazar -> Layer	0.6199211							0.4894168		0.44997105								0.5315805			0.477166						0.30617872				0.4018994		0.37817246		0.61462104		0.8576278			0.5897815										0.36126778		0.59683543		0.60892475														0.35368532																				
salazar -> Layer2	0.2657652						0.20665	0.2101664																						0.106146	0.07185634	0.060474597	0.237874	0.112519145	0.56538343					0.058293212									0.10468267			0.43060496		0.082064606																	0.048913743															0.05221685		
salazar -> NO3						0.22005403		0.11010225								0.35704625																										0.18146503						0.16697752						0.1540918		0.2685637					0.3512449				0.2718778					0.10896633		0.12307978		0.10917893								0.19547671	0.17050505				0.18184471	
salazar -> CarbonFlux				0.17473465							0.06542632	0.17243779																				0.06340948														0.11478989		0.12506223				0.07775767		0.06254099								0.067388594	0.082087636	0.09234838		0.2633499			0.08267753		0.1539574												0.072160855					
salazar -> NPP									0.22540024			0.17770426		0.254371					0.13430738													0.30770078	0.25245884							0.34704486						0.58536243						0.16237798		0.3374863	0.29989693					0.116532385									0.20151544	0.10498406																0.10807387		
