{"n_estimators": 350, "max_depth": 5, "min_child_weight": 5, "learning_rate": 0.017476449287220922, "subsample": 0.7679579262002162, "gamma": 0.3314479563768232, "reg_lambda": 0.7882716582150197, "objective": "multi:softmax", "num_class": 6}