{"n_estimators": 250, "max_depth": 6, "min_child_weight": 5, "learning_rate": 0.07476191993170492, "subsample": 0.9407408246123175, "gamma": 1.1100068733782662, "reg_lambda": 2.9295205992488493, "objective": "multi:softmax", "num_class": 2}