{"n_estimators": 350, "max_depth": 5, "min_child_weight": 3, "learning_rate": 0.05123239136866561, "subsample": 0.9141277576426147, "gamma": 1.9815175890226904, "reg_lambda": 3.343128915801151, "objective": "multi:softmax", "num_class": 2}