{"n_estimators": 200, "max_depth": 5, "min_child_weight": 1, "learning_rate": 0.007115005017265277, "subsample": 0.7785972825655706, "gamma": 1.2739989415915791, "reg_lambda": 0.0006483049675895585, "objective": "multi:softmax", "num_class": 3}