{"n_estimators": 250, "max_depth": 5, "min_child_weight": 1, "learning_rate": 0.12224216621037311, "subsample": 0.7501994945345047, "gamma": 1.0505431191553234, "reg_lambda": 0.0032967446550230817, "objective": "multi:softmax", "num_class": 2}