{"n_estimators": 100, "max_depth": 5, "min_child_weight": 1, "learning_rate": 0.1268407196629461, "subsample": 0.9549226693683901, "gamma": 0.8685925536863783, "reg_lambda": 0.0026418478733241067, "objective": "multi:softmax", "num_class": 2}