{"n_estimators": 150, "max_depth": 5, "min_child_weight": 1, "learning_rate": 0.010190353284913372, "subsample": 0.9362556801715313, "gamma": 0.12157452779828817, "reg_lambda": 0.08754875385306159, "objective": "multi:softmax", "num_class": 3}