{"n_estimators": 350, "max_depth": 4, "min_child_weight": 1, "learning_rate": 0.009827962527643057, "subsample": 0.9763600420976071, "gamma": 0.09875296916769263, "reg_lambda": 0.10239744116923527, "objective": "multi:softmax", "num_class": 3}