{"n_estimators": 100, "max_depth": 6, "min_child_weight": 2, "learning_rate": 0.0271990199531665, "subsample": 0.7536411500838099, "gamma": 0.5827219430500556, "reg_lambda": 0.17358431718342202, "objective": "multi:softmax", "num_class": 3}