{"n_estimators": 300, "max_depth": 5, "min_child_weight": 3, "learning_rate": 0.046626238541597635, "subsample": 0.8761181411543052, "gamma": 0.1653694323737569, "reg_lambda": 3.0465082909646584, "objective": "multi:softmax", "num_class": 2}