{"n_estimators": 100, "max_depth": 6, "min_child_weight": 3, "learning_rate": 0.008261072933699359, "subsample": 0.775965357514149, "gamma": 0.3253917617598965, "reg_lambda": 0.7667421245608528, "objective": "multi:softmax", "num_class": 3}