{"n_estimators": 300, "max_depth": 5, "min_child_weight": 6, "learning_rate": 0.12786149556571452, "subsample": 0.7542123058311708, "gamma": 0.10172175708017495, "reg_lambda": 2.331572420138177, "objective": "multi:softmax", "num_class": 3}