{"n_estimators": 250, "max_depth": 3, "min_child_weight": 2, "learning_rate": 0.010760159070319863, "subsample": 0.9547683505852019, "gamma": 0.0036798515297179184, "reg_lambda": 0.1842346469234539, "objective": "multi:softmax", "num_class": 3}