{"n_estimators": 300, "max_depth": 6, "min_child_weight": 4, "learning_rate": 0.026760574881213924, "subsample": 0.9727725171862315, "gamma": 0.09624092371532333, "reg_lambda": 1.126585273377973, "objective": "multi:softmax", "num_class": 3}