{"n_estimators": 250, "max_depth": 3, "min_child_weight": 2, "learning_rate": 0.009787057155136801, "subsample": 0.9634467742924464, "gamma": 0.5125849795624611, "reg_lambda": 0.20279887972294663, "objective": "multi:softmax", "num_class": 3}