{"n_estimators": 150, "max_depth": 6, "min_child_weight": 4, "learning_rate": 0.11927965479063588, "subsample": 0.7739130227663215, "gamma": 0.0002902516652587839, "reg_lambda": 4.997683427815731, "objective": "multi:softmax", "num_class": 3}