{"n_estimators": 350, "max_depth": 5, "min_child_weight": 1, "learning_rate": 0.02558299268894772, "subsample": 0.7504471766805191, "gamma": 0.43394777376334237, "reg_lambda": 0.14525212354277872, "objective": "multi:softmax", "num_class": 3}