{"n_estimators": 350, "max_depth": 4, "min_child_weight": 1, "learning_rate": 0.0876404301062806, "subsample": 0.7632756305092184, "gamma": 0.10767825550067228, "reg_lambda": 4.4546638194950745, "objective": "multi:softmax", "num_class": 2}