{"n_estimators": 150, "max_depth": 6, "min_child_weight": 3, "learning_rate": 0.056612706388734835, "subsample": 0.8650707284047549, "gamma": 0.16726383694596558, "reg_lambda": 1.6112964774438066, "objective": "multi:softmax", "num_class": 2}