{"n_estimators": 100, "max_depth": 3, "min_child_weight": 6, "learning_rate": 0.00837215024833387, "subsample": 0.9142009191882554, "gamma": 0.35462499700045924, "reg_lambda": 4.1689389296706265, "objective": "multi:softmax", "num_class": 3}