{"n_estimators": 250, "max_depth": 5, "min_child_weight": 1, "learning_rate": 0.08531775725242755, "subsample": 0.7627189321241504, "gamma": 0.08467075916382516, "reg_lambda": 0.1357519517615986, "objective": "multi:softmax", "num_class": 3}