{"n_estimators": 150, "max_depth": 5, "min_child_weight": 1, "learning_rate": 0.1351499668096787, "subsample": 0.8314696972583984, "gamma": 0.20692143164156848, "reg_lambda": 0.08959169193700306, "objective": "multi:softmax", "num_class": 2}