{"n_estimators": 350, "max_depth": 5, "min_child_weight": 1, "learning_rate": 0.052362989117093944, "subsample": 0.7701459499214638, "gamma": 0.0520105005108083, "reg_lambda": 4.5299502690922, "objective": "multi:softmax", "num_class": 3}