{"n_estimators": 250, "max_depth": 4, "min_child_weight": 1, "learning_rate": 0.053133051321663995, "subsample": 0.9613758839317059, "gamma": 0.7760524764115704, "reg_lambda": 0.01133599608504221, "objective": "multi:softmax", "num_class": 2}