{"n_estimators": 150, "max_depth": 4, "min_child_weight": 1, "learning_rate": 0.008415549600249695, "subsample": 0.90376558424763, "gamma": 0.6764893898306554, "reg_lambda": 0.31630647642630366, "objective": "multi:softmax", "num_class": 3}