{"n_estimators": 100, "max_depth": 4, "min_child_weight": 1, "learning_rate": 0.007082498994177619, "subsample": 0.7920156043102596, "gamma": 0.11596131629888573, "reg_lambda": 0.07985566723727164, "objective": "multi:softmax", "num_class": 6}