{"n_estimators": 200, "max_depth": 5, "min_child_weight": 2, "learning_rate": 0.1021066886038631, "subsample": 0.7696383487567658, "gamma": 0.2351370495621605, "reg_lambda": 0.7041925284015613, "objective": "multi:softmax", "num_class": 3}