{"n_estimators": 300, "max_depth": 4, "min_child_weight": 2, "learning_rate": 0.08526713819553063, "subsample": 0.7566519101480349, "gamma": 0.0922531739133807, "reg_lambda": 2.269531905445174, "objective": "multi:softmax", "num_class": 6}