{"n_estimators": 200, "max_depth": 6, "min_child_weight": 1, "learning_rate": 0.11677703165322345, "subsample": 0.8113509339173198, "gamma": 0.0027804948503637144, "reg_lambda": 0.22766948454369373, "objective": "multi:softmax", "num_class": 3}