{"n_estimators": 300, "max_depth": 5, "min_child_weight": 1, "learning_rate": 0.1177870991921339, "subsample": 0.7739721742031808, "gamma": 0.0009779660876668012, "reg_lambda": 2.30058296857699, "objective": "multi:softmax", "num_class": 2}