{"n_estimators": 150, "max_depth": 5, "min_child_weight": 6, "learning_rate": 0.13382745265525176, "subsample": 0.7643672950646826, "gamma": 0.2373073522742304, "reg_lambda": 1.4439526879803968, "objective": "multi:softmax", "num_class": 2}