{"n_estimators": 300, "max_depth": 3, "min_child_weight": 3, "learning_rate": 0.007630954703446252, "subsample": 0.9513866348065282, "gamma": 2.5780351727498907, "reg_lambda": 4.8619025926475, "objective": "multi:softmax", "num_class": 2}