{"n_estimators": 250, "max_depth": 3, "min_child_weight": 2, "learning_rate": 0.08859110367053573, "subsample": 0.8766157072646336, "gamma": 0.8157261771939898, "reg_lambda": 0.22451442653030199, "objective": "multi:softmax", "num_class": 3}