{"n_estimators": 100, "max_depth": 3, "min_child_weight": 1, "learning_rate": 0.006983461091514655, "subsample": 0.8419222509982963, "gamma": 0.4664292895853133, "reg_lambda": 0.1625060547714918, "objective": "multi:softmax", "num_class": 3}