{"n_estimators": 200, "max_depth": 6, "min_child_weight": 4, "learning_rate": 0.01732079702488129, "subsample": 0.7812564958577188, "gamma": 2.683006643620982, "reg_lambda": 1.5667005346514917, "objective": "multi:softmax", "num_class": 2}