{"n_estimators": 250, "max_depth": 6, "min_child_weight": 1, "learning_rate": 0.006756190994643007, "subsample": 0.7696865349146957, "gamma": 0.42630179289552816, "reg_lambda": 0.1152116721792169, "objective": "multi:softmax", "num_class": 6}