{"n_estimators": 350, "max_depth": 3, "min_child_weight": 1, "learning_rate": 0.0607394631107411, "subsample": 0.750158733147594, "gamma": 0.0014520541426688103, "reg_lambda": 2.842943798515962, "objective": "multi:softmax", "num_class": 3}