{"n_estimators": 100, "max_depth": 3, "min_child_weight": 3, "learning_rate": 0.009465654034610188, "subsample": 0.9220832710738385, "gamma": 0.4294838336599647, "reg_lambda": 0.29036336505953664, "objective": "multi:softmax", "num_class": 3}