{"n_estimators": 150, "max_depth": 3, "min_child_weight": 1, "learning_rate": 0.10380477962633324, "subsample": 0.7807485904513338, "gamma": 0.0002656138670936725, "reg_lambda": 1.6142515050535735, "objective": "multi:softmax", "num_class": 2}