{"n_estimators": 300, "max_depth": 4, "min_child_weight": 5, "learning_rate": 0.09231119001914871, "subsample": 0.992740843038947, "gamma": 1.6704288079786012, "reg_lambda": 3.6908635242462764, "objective": "multi:softmax", "num_class": 2}