{"n_estimators": 350, "max_depth": 4, "min_child_weight": 6, "learning_rate": 0.12714990254068542, "subsample": 0.750007464775918, "gamma": 0.10332219416843146, "reg_lambda": 0.24653876421502935, "objective": "multi:softmax", "num_class": 3}