{"n_estimators": 200, "max_depth": 6, "min_child_weight": 1, "learning_rate": 0.008648890203445506, "subsample": 0.9997955657754395, "gamma": 0.9717092223024124, "reg_lambda": 0.00700237728221653, "objective": "multi:softmax", "num_class": 3}