{"n_estimators": 100, "max_depth": 6, "min_child_weight": 1, "learning_rate": 0.01178860042049253, "subsample": 0.8405694318522644, "gamma": 0.4193091618510217, "reg_lambda": 0.0021947545773215622, "objective": "multi:softmax", "num_class": 3}