{"n_estimators": 200, "max_depth": 4, "min_child_weight": 1, "learning_rate": 0.036063495326123705, "subsample": 0.9996266786149293, "gamma": 0.2974843736175273, "reg_lambda": 0.23436356763353294, "objective": "multi:softmax", "num_class": 2}