{"n_estimators": 350, "max_depth": 5, "min_child_weight": 2, "learning_rate": 0.0724249873933312, "subsample": 0.7632698998368024, "gamma": 0.20606708034969143, "reg_lambda": 0.7001731880547781, "objective": "multi:softmax", "num_class": 3}