{"n_estimators": 300, "max_depth": 6, "min_child_weight": 1, "learning_rate": 0.09046527523102375, "subsample": 0.7628677845578523, "gamma": 0.0008125100202995093, "reg_lambda": 0.60018117089699, "objective": "multi:softmax", "num_class": 3}