{"n_estimators": 300, "max_depth": 6, "min_child_weight": 3, "learning_rate": 0.10050938394626659, "subsample": 0.7877268491519493, "gamma": 0.006898167380990438, "reg_lambda": 2.4419589846431125, "objective": "multi:softmax", "num_class": 6}