{"n_estimators": 125, "max_depth": 3, "min_child_weight": 3, "learning_rate": 0.09437332936779885, "subsample": 0.8603721792053648, "gamma": 0.05086379761979338, "reg_lambda": 0.967570626351135, "objective": "multi:softmax", "num_class": 3}