{"n_estimators": 300, "max_depth": 4, "min_child_weight": 3, "learning_rate": 0.10750423699129243, "subsample": 0.7615421324074413, "gamma": 0.09944866671493281, "reg_lambda": 4.306810284171155, "objective": "multi:softmax", "num_class": 3}