{"n_estimators": 300, "max_depth": 3, "min_child_weight": 2, "learning_rate": 0.08985068901355506, "subsample": 0.8373283148283013, "gamma": 0.1530147446957562, "reg_lambda": 3.596025561701748, "objective": "multi:softmax", "num_class": 3}