{"n_estimators": 100, "max_depth": 6, "min_child_weight": 4, "learning_rate": 0.015379175850989532, "subsample": 0.8956526424884398, "gamma": 2.1449246468693426, "reg_lambda": 0.09350982569060465, "objective": "multi:softmax", "num_class": 2}