{"n_estimators": 250, "max_depth": 6, "min_child_weight": 5, "learning_rate": 0.062472852188498906, "subsample": 0.7538903455949462, "gamma": 0.0393122904636741, "reg_lambda": 3.250704482335622, "objective": "multi:softmax", "num_class": 3}