{"n_estimators": 150, "max_depth": 4, "min_child_weight": 1, "learning_rate": 0.09231136118137796, "subsample": 0.755484795511881, "gamma": 0.33511596876709115, "reg_lambda": 0.24152583929598137, "objective": "multi:softmax", "num_class": 2}