{"n_estimators": 200, "max_depth": 6, "min_child_weight": 1, "learning_rate": 0.015181170894739573, "subsample": 0.9537900660234031, "gamma": 0.2705626073883285, "reg_lambda": 0.0005624414189466182, "objective": "multi:softmax", "num_class": 3}