{"n_estimators": 150, "max_depth": 5, "min_child_weight": 6, "learning_rate": 0.0067618843656383045, "subsample": 0.9523480349387758, "gamma": 0.38737142573196726, "reg_lambda": 3.9043217034856985, "objective": "multi:softmax", "num_class": 3}