{"Private Accuracy": 0.6923076923076923, "Private F1 Score": 0.67008547008547}