{"Private Accuracy": 0.26666666666666666, "Private F1 Score": 0.14814814814814817}