{"Private Accuracy": 0.46153846153846156, "Private F1 Score": 0.4307692307692309}