{"Private Accuracy": 0.3333333333333333, "Private F1 Score": 0.37272727272727274}