{"Private Accuracy": 0.5833333333333334, "Private F1 Score": 0.5833333333333334}