{"Private Accuracy": 0.6153846153846154, "Private F1 Score": 0.5524475524475524}