{"Private Accuracy": 0.5384615384615384, "Private F1 Score": 0.5076923076923077}