{"Private Accuracy": 0.46153846153846156, "Private F1 Score": 0.4537684537684538}