{"Private Accuracy": 0.6153846153846154, "Private F1 Score": 0.6122766122766122}