{"Private Accuracy": 0.4166666666666667, "Private F1 Score": 0.41558441558441556}