{"Private Accuracy": 0.7692307692307693, "Private F1 Score": 0.7638583638583639}