{"Private Accuracy": 0.6153846153846154, "Private F1 Score": 0.600887573964497}