{"Private Accuracy": 0.4666666666666667, "Private F1 Score": 0.4066666666666666}