{"Private Accuracy": 0.6666666666666666, "Private F1 Score": 0.5813131313131313}