{"Private Accuracy": 0.8461538461538461, "Private F1 Score": 0.7499999999999999}