{"Private Accuracy": 0.9230769230769231, "Private F1 Score": 0.888888888888889}